{
  "best_epoch": 74,
  "best_metric_name": "mae",
  "best_checkpoint": "outputs/150-8-no2_train_20260408_110554/model/best_model.pt",
  "last_checkpoint": "outputs/150-8-no2_train_20260408_110554/model/last_checkpoint.pt",
  "best_val_loss": 0.369574112862056,
  "best_val_mae": 7.4157514572143555,
  "best_val_mad": 5.890625,
  "best_val_final_mae": 7.4157514572143555,
  "best_val_final_mad": 5.890625,
  "best_val_relative_mae": 7.4157514572143555,
  "best_val_relative_mad": 5.890625,
  "test_loss": null,
  "test_mae": null,
  "test_mad": null,
  "test_final_mae": null,
  "test_final_mad": null,
  "test_relative_mae": null,
  "test_relative_mad": null,
  "val_relative_age_error_corr": -0.09472778018944274,
  "val_relative_age_error_slope": -0.0446935146020503,
  "test_relative_age_error_corr": null,
  "test_relative_age_error_slope": null,
  "val_r2": 0.9445696227154499,
  "test_r2": null,
  "val_sample_count": 713,
  "test_sample_count": 79,
  "test_note": "当前 test 集缺少 Boneage 真值列，因此无法计算 test loss/MAE/MAD，也无法生成 plots/test_scatter.png、plots/test_residual.png 和 plots/error_histogram_test.png。系统已自动改为输出 plots/test_prediction_histogram.png 与 test_prediction_summary.json。",
  "best_epoch_history": {
    "epoch": 74,
    "train_loss": 0.34231047260915404,
    "val_loss": 0.369574112862056,
    "train_mae": 7.032665729522705,
    "val_mae": 7.4157514572143555,
    "train_mad": 5.3984375,
    "val_mad": 5.890625,
    "train_final_mae": 7.032665729522705,
    "val_final_mae": 7.4157514572143555,
    "train_final_mad": 5.3984375,
    "val_final_mad": 5.890625,
    "train_relative_mae": 7.032665729522705,
    "val_relative_mae": 7.4157514572143555,
    "train_relative_mad": 5.3984375,
    "val_relative_mad": 5.890625,
    "lr_start": 0.00013404187125504736,
    "lr_end": 0.00013142631825252768,
    "eval_ran": 1.0,
    "epoch_time_seconds": 241.4380833380019,
    "total_elapsed_seconds": 17982.594385983,
    "best_updated": 1.0
  }
}