{
  "total_image_files": 5491,
  "used_image_files": 5491,
  "skipped_image_files": 0,
  "pixel_count": 34830694234,
  "mean": 0.5805843505750644,
  "std": 0.3230183726796217,
  "mean_255": 148.04900939664142,
  "std_255": 82.36968503330353,
  "skipped_details": [],
  "image_dir": "/home/lqw/DLBBAP/dataset/RHPE_train",
  "source": "auto_train_stats(cache)",
  "stats_path": "dataset/train_mean_std.json"
}