{
  "best_epoch": 42,
  "best_metric_name": "mae",
  "best_checkpoint": "outputs/150-8-no1_train_20260408_074458/model/best_model.pt",
  "last_checkpoint": "outputs/150-8-no1_train_20260408_074458/model/last_checkpoint.pt",
  "best_val_loss": 0.4313222638019171,
  "best_val_mae": 8.335338592529297,
  "best_val_mad": 6.6552734375,
  "best_val_final_mae": 8.335338592529297,
  "best_val_final_mad": 6.6552734375,
  "best_val_relative_mae": 8.335338592529297,
  "best_val_relative_mad": 6.6552734375,
  "test_loss": null,
  "test_mae": null,
  "test_mad": null,
  "test_final_mae": null,
  "test_final_mad": null,
  "test_relative_mae": null,
  "test_relative_mad": null,
  "val_relative_age_error_corr": 0.10226257226692848,
  "val_relative_age_error_slope": 0.05322452681177488,
  "test_relative_age_error_corr": null,
  "test_relative_age_error_slope": null,
  "val_r2": 0.9310605887298373,
  "test_r2": null,
  "val_sample_count": 713,
  "test_sample_count": 79,
  "test_note": "当前 test 集缺少 Boneage 真值列，因此无法计算 test loss/MAE/MAD，也无法生成 plots/test_scatter.png、plots/test_residual.png 和 plots/error_histogram_test.png。系统已自动改为输出 plots/test_prediction_histogram.png 与 test_prediction_summary.json。",
  "best_epoch_history": {
    "epoch": 42,
    "train_loss": 0.3896246342477936,
    "val_loss": 0.431367480236551,
    "train_mae": 7.718276023864746,
    "val_mae": 8.31799030303955,
    "train_mad": 6.15625,
    "val_mad": 6.453125,
    "train_final_mae": 7.718276023864746,
    "val_final_mae": 8.31799030303955,
    "train_final_mad": 6.15625,
    "val_final_mad": 6.453125,
    "train_relative_mae": 7.718276023864746,
    "val_relative_mae": 8.31799030303955,
    "train_relative_mad": 6.15625,
    "val_relative_mad": 6.453125,
    "lr_start": 0.0002098568590570112,
    "lr_end": 0.00020790015637018087,
    "eval_ran": 1.0,
    "epoch_time_seconds": 220.39519226099947,
    "total_elapsed_seconds": 9389.642264701999,
    "best_updated": 0.0
  }
}