ID,gt_final_boneage,pred_final_boneage,final_abs_error,gt_relative_age,pred_relative_age,gt_boneage,pred_boneage,abs_error,sex,chronological,final_boneage,predicted_relative_age,gt_relative_boneage,pred_relative_boneage
05497,12.0,5.693031311035156,6.306968688964844,1.0,-5.306968688964844,12.0,5.693031311035156,6.306968688964844,0,11.0,5.693031311035156,-5.306968688964844,1.0,-5.306968688964844
05498,15.0,8.64133358001709,6.35866641998291,1.0,-5.35866641998291,15.0,8.64133358001709,6.35866641998291,1,14.0,8.64133358001709,-5.35866641998291,1.0,-5.35866641998291
05499,18.0,18.63001251220703,0.6300125122070312,-6.0,-5.369987487792969,18.0,18.63001251220703,0.6300125122070312,1,24.0,18.63001251220703,-5.369987487792969,-6.0,-5.369987487792969
05500,18.0,18.652454376220703,0.6524543762207031,-6.0,-5.347546100616455,18.0,18.652454376220703,0.6524543762207031,0,24.0,18.652454376220703,-5.347546100616455,-6.0,-5.347546100616455
