{
  "best_epoch": 1,
  "best_metric_name": "mae",
  "best_checkpoint": "outputs/compile_verify_cpu_train_20260407_154405/model/best_model.pt",
  "last_checkpoint": "outputs/compile_verify_cpu_train_20260407_154405/model/last_checkpoint.pt",
  "best_val_loss": 0.4345801891759038,
  "best_val_mae": 3.487025499343872,
  "best_val_mad": 3.4797115325927734,
  "best_val_final_mae": 3.487025499343872,
  "best_val_final_mad": 3.4797115325927734,
  "best_val_relative_mae": 3.487025260925293,
  "best_val_relative_mad": 3.4797112941741943,
  "test_loss": null,
  "test_mae": null,
  "test_mad": null,
  "test_final_mae": null,
  "test_final_mad": null,
  "test_relative_mae": null,
  "test_relative_mad": null,
  "val_relative_age_error_corr": 0.9999754880290155,
  "val_relative_age_error_slope": 0.8130834443228585,
  "test_relative_age_error_corr": null,
  "test_relative_age_error_slope": null,
  "val_r2": -2.274064855062148,
  "test_r2": null,
  "val_sample_count": 4,
  "test_sample_count": 4,
  "test_note": "当前 test 集缺少 Boneage 真值列，因此无法计算 test loss/MAE/MAD，也无法生成 plots/test_scatter.png、plots/test_residual.png 和 plots/error_histogram_test.png。系统已自动改为输出 plots/test_prediction_histogram.png 与 test_prediction_summary.json。",
  "best_epoch_history": {
    "epoch": 1,
    "train_loss": 0.5891313403844833,
    "val_loss": 0.4345801891759038,
    "train_mae": 4.4920830726623535,
    "val_mae": 3.487025499343872,
    "train_mad": 4.399684906005859,
    "val_mad": 3.4797115325927734,
    "train_final_mae": 4.4920830726623535,
    "val_final_mae": 3.487025499343872,
    "train_final_mad": 4.399684906005859,
    "val_final_mad": 3.4797115325927734,
    "train_relative_mae": 4.4920830726623535,
    "val_relative_mae": 3.487025260925293,
    "train_relative_mad": 4.399684906005859,
    "val_relative_mad": 3.4797112941741943,
    "lr_start": 0.00025,
    "lr_end": 5e-06,
    "eval_ran": 1.0,
    "epoch_time_seconds": 160.4158206760003,
    "total_elapsed_seconds": 162.06120989200008,
    "best_updated": 1.0
  }
}