ID,gt_final_boneage,pred_final_boneage,final_abs_error,gt_relative_age,pred_relative_age,gt_boneage,pred_boneage,abs_error,sex,chronological,final_boneage,predicted_relative_age,gt_relative_boneage,pred_relative_boneage
05497,12.0,6.401461124420166,5.598538875579834,1.0,-4.598538875579834,12.0,6.401461124420166,5.598538875579834,0,11.0,6.401461124420166,-4.598538875579834,1.0,-4.598538875579834
05498,15.0,9.345788955688477,5.654211044311523,1.0,-4.654211044311523,15.0,9.345788955688477,5.654211044311523,1,14.0,9.345788955688477,-4.654211044311523,1.0,-4.654211044311523
05499,18.0,19.276952743530273,1.2769527435302734,-6.0,-4.723046779632568,18.0,19.276952743530273,1.2769527435302734,1,24.0,19.276952743530273,-4.723046779632568,-6.0,-4.723046779632568
05500,18.0,19.320457458496094,1.3204574584960938,-6.0,-4.679543495178223,18.0,19.320457458496094,1.3204574584960938,0,24.0,19.320457458496094,-4.679543495178223,-6.0,-4.679543495178223
05501,18.0,19.270158767700195,1.2701587677001953,-6.0,-4.7298407554626465,18.0,19.270158767700195,1.2701587677001953,1,24.0,19.270158767700195,-4.7298407554626465,-6.0,-4.7298407554626465
05502,24.0,13.368753433227539,10.631246566772461,6.0,-4.631247043609619,24.0,13.368753433227539,10.631246566772461,0,18.0,13.368753433227539,-4.631247043609619,6.0,-4.631247043609619
05503,24.0,30.20962905883789,6.209629058837891,-11.0,-4.790371417999268,24.0,30.20962905883789,6.209629058837891,1,35.0,30.20962905883789,-4.790371417999268,-11.0,-4.790371417999268
05504,24.0,32.21579360961914,8.21579360961914,-13.0,-4.784207344055176,24.0,32.21579360961914,8.21579360961914,1,37.0,32.21579360961914,-4.784207344055176,-13.0,-4.784207344055176
