{
  "best_epoch": 1,
  "best_metric_name": "mae",
  "best_checkpoint": "outputs/timer_verify_cpu_train_20260407_152440/model/best_model.pt",
  "last_checkpoint": "outputs/timer_verify_cpu_train_20260407_152440/model/last_checkpoint.pt",
  "best_val_loss": 0.7342501580715179,
  "best_val_mae": 5.022123336791992,
  "best_val_mad": 5.626375198364258,
  "best_val_final_mae": 5.022123336791992,
  "best_val_final_mad": 5.626375198364258,
  "best_val_relative_mae": 5.022123336791992,
  "best_val_relative_mad": 5.626375198364258,
  "test_loss": null,
  "test_mae": null,
  "test_mad": null,
  "test_final_mae": null,
  "test_final_mad": null,
  "test_relative_mae": null,
  "test_relative_mad": null,
  "val_relative_age_error_corr": 0.3005325527357699,
  "val_relative_age_error_slope": 0.16286716453002598,
  "test_relative_age_error_corr": null,
  "test_relative_age_error_slope": null,
  "val_r2": -1.0114325167230107,
  "test_r2": null,
  "val_sample_count": 8,
  "test_sample_count": 8,
  "test_note": "当前 test 集缺少 Boneage 真值列，因此无法计算 test loss/MAE/MAD，也无法生成 plots/test_scatter.png、plots/test_residual.png 和 plots/error_histogram_test.png。系统已自动改为输出 plots/test_prediction_histogram.png 与 test_prediction_summary.json。",
  "best_epoch_history": {
    "epoch": 1,
    "train_loss": 0.581281241029501,
    "val_loss": 0.7342501580715179,
    "train_mae": 4.1413774490356445,
    "val_mae": 5.022123336791992,
    "train_mad": 3.735931396484375,
    "val_mad": 5.626375198364258,
    "train_final_mae": 4.1413774490356445,
    "val_final_mae": 5.022123336791992,
    "train_final_mad": 3.735931396484375,
    "val_final_mad": 5.626375198364258,
    "train_relative_mae": 4.1413774490356445,
    "val_relative_mae": 5.022123336791992,
    "train_relative_mad": 3.735931396484375,
    "val_relative_mad": 5.626375198364258,
    "lr_start": 0.00025,
    "lr_end": 5e-06,
    "eval_ran": 1.0,
    "epoch_time_seconds": 16.793683957999974,
    "total_elapsed_seconds": 17.88346053500004,
    "best_updated": 1.0
  }
}