{
  "best_epoch": 5,
  "best_metric_name": "mae",
  "best_checkpoint": "outputs/quality-5_train_20260412_110001/model/best_model.pt",
  "last_checkpoint": "outputs/quality-5_train_20260412_110001/model/last_checkpoint.pt",
  "best_val_loss": 0.5838402459531145,
  "best_val_mae": 9.895219802856445,
  "best_val_mad": 7.883056640625,
  "best_val_final_mae": 9.895219802856445,
  "best_val_final_mad": 7.883056640625,
  "best_val_relative_mae": 9.895219802856445,
  "best_val_relative_mad": 7.883056640625,
  "test_loss": null,
  "test_mae": null,
  "test_mad": null,
  "test_final_mae": null,
  "test_final_mad": null,
  "test_relative_mae": null,
  "test_relative_mad": null,
  "val_relative_age_error_corr": 0.1338647910445059,
  "val_relative_age_error_slope": 0.08127113760287738,
  "test_relative_age_error_corr": null,
  "test_relative_age_error_slope": null,
  "val_r2": 0.9042322339207703,
  "test_r2": null,
  "val_sample_count": 713,
  "test_sample_count": 79,
  "test_note": "当前 test 集缺少 Boneage 真值列，因此无法计算 test loss/MAE/MAD，也无法生成 plots/test_scatter.png、plots/test_residual.png 和 plots/error_histogram_test.png。系统已自动改为输出 plots/test_prediction_histogram.png 与 test_prediction_summary.json。",
  "best_epoch_history": {
    "epoch": 5,
    "train_loss": 0.5547003313245028,
    "val_loss": 0.5836658860657359,
    "train_mae": 9.509021759033203,
    "val_mae": 9.892927169799805,
    "train_mad": 7.400390625,
    "val_mad": 7.955078125,
    "train_final_mae": 9.509021759033203,
    "val_final_mae": 9.892927169799805,
    "train_final_mad": 7.400390625,
    "val_final_mad": 7.955078125,
    "train_relative_mae": 9.509021759033203,
    "val_relative_mae": 9.892927169799805,
    "train_relative_mad": 7.400390625,
    "val_relative_mad": 7.955078125,
    "lr_start": 5e-06,
    "lr_end": 0.0002,
    "eval_ran": 1.0,
    "epoch_time_seconds": 262.0487629620002,
    "total_elapsed_seconds": 1412.8456704260007,
    "best_updated": 0.0
  }
}